episode_index,joint_torque_mean_1,joint_torque_mean_2,joint_torque_mean_3,joint_torque_mean_4,joint_torque_mean_5,joint_torque_mean_6,joint_torque_mean_7,joint_force_mean_1,joint_force_mean_2,joint_force_mean_3,joint_force_mean_4,joint_force_mean_5,joint_force_mean_6,joint_force_mean_7
0,0.35317218,14.37727,0.46482557,11.9223385,0.14265645,0.8562947,-0.15729643,0.35257766,-0.58321303,0.5071816,-0.058236126,0.18938504,-0.2851217,-0.16529852
1,0.3572154,14.286012,0.48459065,11.973514,0.1633125,0.9191832,-0.24577026,0.35775548,-0.630079,0.5488761,0.0355887,0.17468736,-0.23182516,-0.25749478
2,0.28978965,13.937734,0.40560666,11.767702,0.09918944,0.88636374,-0.18099494,0.2850761,-0.6974013,0.44455537,-0.13955858,0.118430756,-0.26270464,-0.20392288
3,0.28420535,14.119871,0.42441806,11.705373,0.08764824,0.7987527,-0.18896905,0.2854834,-0.6316674,0.4739303,-0.24691425,0.1321826,-0.31423932,-0.22577171
4,0.36648586,13.634867,0.4856774,11.502213,0.086468704,0.9018747,-0.22849569,0.36489698,-0.6616581,0.525548,-0.22023395,0.13183707,-0.27121475,-0.24373205
5,0.22883299,13.316797,0.4289252,11.771598,0.13691628,0.823653,-0.21493942,0.23140101,-0.6740916,0.45573232,-0.17063783,0.17920344,-0.3134363,-0.216505
6,0.36188924,13.903676,0.50223595,11.661014,0.10075869,0.9144304,-0.2236588,0.36243743,-0.7014319,0.5517154,-0.15181343,0.10726342,-0.25339463,-0.18685454
7,0.4193532,13.692458,0.56025714,11.686138,0.032796066,0.8724017,-0.22177453,0.42345786,-0.5951108,0.61078686,-0.12965013,0.08337309,-0.2901331,-0.23466404
8,0.40821114,14.045269,0.5691475,11.625874,0.08473151,0.91475785,-0.24903435,0.4094462,-0.6316671,0.592781,-0.116357386,0.12558876,-0.27735138,-0.26031756
9,0.38560125,13.693846,0.52725315,11.728998,0.092421964,0.8984741,-0.19428612,0.38409355,-0.5616449,0.55718744,-0.027916137,0.12377041,-0.28849453,-0.21985906
10,0.33915403,14.173196,0.49163476,11.904551,0.043846127,0.9158314,-0.20726156,0.34405693,-0.601544,0.51350945,0.018748442,0.10347613,-0.27735308,-0.23127227
11,0.23155248,13.997988,0.42353636,11.703859,0.039992545,0.9171108,-0.22757407,0.2324655,-0.5185356,0.43313897,-0.1280326,0.1128506,-0.23150386,-0.23907274
12,0.39384812,14.1052685,0.52771115,11.651408,-0.003454715,0.8485843,-0.23862706,0.39459035,-0.9286013,0.58642846,-0.1916381,0.06934767,-0.31727237,-0.24301471
13,0.29719585,14.186346,0.4704581,11.589068,0.025433458,0.88533753,-0.18643095,0.29511443,-0.54780346,0.48893312,-0.06388559,0.12611422,-0.28411856,-0.22803865
14,0.2488954,14.399984,0.3558962,11.712055,0.0292255,0.99200964,-0.14492421,0.24972305,-0.49743804,0.4324807,-0.051559288,0.10105803,-0.18820377,-0.1457684
15,0.34871134,13.744141,0.5207045,11.664814,0.07052153,0.86492974,-0.21554358,0.34646848,-0.55309993,0.5306855,-0.15286903,0.13092738,-0.31276092,-0.22427511
16,0.17051253,13.7960415,0.36476618,11.459934,-0.022701578,0.883243,-0.18823195,0.16451964,-0.725011,0.38531563,-0.19598757,0.038111847,-0.29834116,-0.19807258
17,0.2500153,13.843403,0.4169516,11.657973,0.02743645,0.8642076,-0.19630297,0.25630206,-0.6003245,0.45289162,-0.22580853,0.07472328,-0.30573216,-0.21506223
18,0.35459188,14.141966,0.5244269,11.655326,0.031055944,0.90424275,-0.17865644,0.3513062,-0.6656088,0.532646,-0.14455023,0.08810931,-0.264598,-0.20833357
19,0.3838648,14.275298,0.5908383,11.552708,-0.0039141844,0.91906494,-0.22472706,0.3856305,-0.5627076,0.6021887,-0.09636522,0.09383413,-0.2669446,-0.27060798
20,0.29739606,14.174404,0.45303816,11.84911,0.006396606,0.9433232,-0.22716536,0.2947199,-0.5355088,0.47567767,0.08256879,0.070977636,-0.2422562,-0.2533848
21,0.24160017,14.181965,0.42609173,11.793644,0.01672461,0.9246765,-0.20490494,0.23709102,-0.65487313,0.44226587,-0.0973094,0.087019704,-0.24414851,-0.23187163
22,0.25924388,13.998031,0.43866324,11.79082,0.023836091,0.92430604,-0.20013554,0.25829753,-0.56705165,0.44912943,0.018380208,0.09832439,-0.2531661,-0.24877322
23,0.2905405,14.01511,0.43778747,11.82233,0.045495637,0.9753211,-0.22251244,0.28312907,-0.5887705,0.46140045,-0.005925818,0.09819076,-0.20241638,-0.25145945
24,0.15955669,14.353545,0.31289688,12.035576,0.06739895,1.0218319,-0.15721731,0.15328112,-0.58337253,0.3345106,0.0780357,0.124835975,-0.14861844,-0.1803786
25,0.35417667,14.01763,0.5064173,11.779064,0.021801777,0.8990402,-0.23195286,0.3540989,-0.68354326,0.5161779,-0.08512251,0.095088735,-0.26240584,-0.27011538
26,0.29041636,13.939134,0.43771434,11.806802,0.026612777,0.95739293,-0.17969237,0.28616238,-0.5701457,0.4523876,0.00743291,0.06169016,-0.23916352,-0.21261874
27,0.24649887,13.466133,0.40424186,11.521835,0.073235855,0.9028815,-0.1806679,0.24392572,-0.77819103,0.4222174,-0.132512,0.12139841,-0.27283916,-0.20207849
28,0.3211438,13.887176,0.4766717,11.866946,0.0466657,0.9423618,-0.17578812,0.32240823,-0.6046975,0.49422872,-0.013110999,0.10377446,-0.21040732,-0.21312146
29,0.28899997,14.137849,0.4110642,11.6726675,0.017310675,1.0201222,-0.14888643,0.28786516,-0.6251432,0.45338982,-0.079671085,0.064177044,-0.16175617,-0.17832461
30,0.24797155,13.483361,0.42096776,11.782618,0.15352601,0.89432245,-0.18859409,0.23951101,-0.6198707,0.43066055,-0.11863717,0.17192903,-0.28164482,-0.18583281
31,0.3225037,13.633436,0.45301178,11.635577,0.14981356,0.9324689,-0.20128867,0.32355836,-0.765884,0.47172314,-0.07659861,0.18674152,-0.25514686,-0.22632632
32,0.2816651,14.096569,0.38607618,11.622832,0.17489983,0.9156122,-0.11784487,0.2785926,-0.7319664,0.4172608,-0.17206487,0.20440936,-0.27137676,-0.118353605
33,0.15539692,13.969198,0.31319195,11.8976,0.19546829,0.9671511,-0.18002303,0.15001668,-0.67524076,0.34736606,-0.034740385,0.18862368,-0.21823014,-0.15611349
34,0.18371676,14.000628,0.3730368,11.660275,0.18876128,1.0513825,-0.17180423,0.18804467,-0.81822735,0.40630427,-0.07905957,0.19239798,-0.067225076,-0.17830884
35,0.20742528,14.886919,0.38547966,11.981305,0.20688218,0.93504727,-0.15812305,0.20782077,-0.68433344,0.41530696,-0.05699306,0.22347414,-0.11320988,-0.17569062
36,0.29220587,14.875132,0.43374285,11.83252,0.20278673,1.0145923,-0.14770555,0.2940485,-0.77274394,0.47135854,-0.048168477,0.20833765,-0.04324876,-0.13793144
37,0.30033708,14.740082,0.45747247,11.863806,0.151868,0.95484436,-0.17522275,0.30166128,-0.53102225,0.4781961,-0.05017098,0.16455378,-0.1128161,-0.16709027
38,0.31801558,14.779241,0.46183914,11.932208,0.21340837,0.90014523,-0.174917,0.3192896,-0.57377857,0.48604357,-0.14705662,0.22918887,-0.13046563,-0.18139817
39,0.29448238,14.66477,0.46048507,11.867613,0.1766844,0.9862612,-0.12769833,0.29697743,-0.6984434,0.4769754,-0.043549746,0.19950314,-0.09100395,-0.15271865
40,0.1787407,14.6150875,0.33424908,12.00549,0.18980618,1.0082479,-0.08989688,0.1862447,-0.6601432,0.3605056,0.033183835,0.20626947,-0.07152462,-0.109261066
41,0.26900536,14.445379,0.43061766,11.939312,0.19312969,1.0046946,-0.13466094,0.27077308,-0.6290324,0.44423053,-0.0868656,0.21098913,-0.08441727,-0.14642918
42,0.19090688,14.122871,0.36480793,11.659435,0.14413233,0.935045,-0.13225228,0.19381505,-0.7738201,0.39308274,-0.0876846,0.1576374,-0.121149756,-0.14374144
43,0.39220107,14.61587,0.536969,11.832473,0.17683728,0.9514234,-0.15575103,0.3953418,-0.5409258,0.55399007,-0.06311581,0.20447142,-0.12659673,-0.17202951
44,0.19843705,14.891708,0.3315428,11.971348,0.15669578,0.9890409,-0.15282014,0.20091383,-0.5535115,0.36691773,-0.046712704,0.17048429,-0.060162608,-0.16107576
45,0.26323017,14.263813,0.42285267,11.84566,0.15167865,0.96007293,-0.1549175,0.26463884,-0.77308226,0.44730052,-0.12049899,0.17778891,-0.093554504,-0.17428507
46,0.28623304,14.159173,0.42272452,11.758816,0.17583689,0.8878167,-0.138237,0.29139984,-0.66557944,0.45489055,-0.1448667,0.19581343,-0.13505185,-0.15625845
47,0.1589651,14.094539,0.30087084,11.770645,0.1339961,1.00647,-0.11905871,0.15828753,-0.6498812,0.33221084,-0.15089133,0.15629867,-0.07358391,-0.14869986
48,0.27844226,14.375804,0.40846905,12.0192375,0.17931814,0.9966073,-0.179088,0.28136432,-0.6108129,0.43769124,-0.015468868,0.18781626,-0.06105387,-0.18817164
49,0.37605605,14.197807,0.51013196,11.765071,0.11898028,0.9811507,-0.18039684,0.37782407,-0.60508704,0.52799904,-0.12851661,0.14787716,-0.117483154,-0.20380199
50,0.42770585,14.260279,0.51978284,11.645105,0.1656523,0.9615894,-0.1401921,0.4277456,-0.52751863,0.5752454,-0.037127413,0.16016476,-0.21414167,-0.16832612
51,0.43196258,13.515242,0.56012374,11.728053,0.16302878,0.9753961,-0.18648483,0.43292126,-0.72983944,0.57933426,-0.0027121315,0.19465832,-0.22651649,-0.2062872
52,0.2624089,13.961693,0.39950073,11.931785,0.19782019,0.92444927,-0.15440722,0.25958526,-0.6846023,0.40512493,-0.04467619,0.24488826,-0.25509474,-0.16686326
53,0.3688064,13.878208,0.44879994,11.754486,0.1679751,0.9458821,-0.15407898,0.3673248,-0.7437562,0.48816025,-0.031217003,0.16453019,-0.24470638,-0.1651667
54,0.2928302,13.785549,0.42086205,11.7091875,0.21869865,0.9356822,-0.1602159,0.28740433,-0.76067257,0.43305513,-0.16251445,0.22680333,-0.20642135,-0.15715386
55,0.38497314,14.15391,0.50577974,11.686821,0.13746677,0.891841,-0.20765734,0.38025996,-0.6697882,0.5201254,-0.1613569,0.16811422,-0.25640437,-0.16910347
56,0.3563609,14.19724,0.4892216,11.87445,0.19927557,0.9219235,-0.22569905,0.35327706,-0.6358558,0.51534957,-0.113769025,0.2197086,-0.21195257,-0.2028481
57,0.47029603,13.927495,0.59310746,11.760277,0.18624213,0.99588275,-0.18188934,0.46304822,-0.56686735,0.60150623,0.005873284,0.22813414,-0.17941213,-0.17034452
58,0.3235265,13.827445,0.44708154,11.927844,0.1535123,0.89358133,-0.13455558,0.32152164,-0.67297363,0.45809785,-0.08433472,0.1843625,-0.23267554,-0.14612372
59,0.33424556,13.807186,0.46538198,11.861219,0.18949139,0.8828989,-0.16022441,0.33871177,-0.7334875,0.48194173,0.015578871,0.21299197,-0.28172636,-0.17078878
60,0.45148554,13.787854,0.5718327,11.9018755,0.091698624,0.9538021,-0.149408,0.45339704,-0.64827955,0.57469994,0.053682685,0.17317627,-0.2120308,-0.11786778
61,0.30764145,14.126964,0.4562122,11.804405,0.2056233,0.9386662,-0.17990933,0.30623168,-0.6837784,0.47942436,-0.07218046,0.23335068,-0.2270693,-0.16989994
62,0.3009911,14.0660095,0.4552029,11.844413,0.21981017,0.9001035,-0.18978734,0.30314043,-0.74092233,0.48208022,-0.038739003,0.23335074,-0.2384395,-0.19238473
63,0.21925214,13.663559,0.340729,11.647754,0.16219164,0.9372903,-0.17458351,0.22140503,-0.8246406,0.39065447,-0.16717616,0.15799168,-0.21752329,-0.15261558
64,0.30170488,13.699581,0.41352284,11.869485,0.15211399,0.892491,-0.14541267,0.30266404,-0.7709042,0.4503312,-0.027583227,0.1608063,-0.25612026,-0.14690328
65,0.34589154,13.804485,0.4796318,11.898896,0.14030603,0.943091,-0.14458847,0.3432786,-0.6412251,0.49208698,-0.011374874,0.17726582,-0.20873897,-0.16496465
66,0.38057005,14.144955,0.52833253,11.976618,0.20208932,0.9772022,-0.22078851,0.38219708,-0.66627043,0.5429767,-0.017466404,0.22052759,-0.17543715,-0.21420757
67,0.32850525,14.360503,0.42995837,11.8378105,0.09835096,0.9737027,-0.16605626,0.32997194,-0.7497175,0.46945095,-0.011280365,0.118593074,-0.19140111,-0.16936766
68,0.26960337,14.244468,0.41373545,11.992689,0.19389364,0.8950619,-0.20034322,0.27033022,-0.66663975,0.44311482,0.04999579,0.18768872,-0.26128662,-0.19832031
69,0.4139129,13.959985,0.49721447,11.973494,0.21267411,0.968603,-0.21329272,0.41623515,-0.6965581,0.55593747,0.059272666,0.15546373,-0.19253768,-0.13157755
70,0.33398068,14.123013,0.41525006,11.887172,0.11721384,0.88686556,-0.15830724,0.33456483,-0.6925086,0.46430016,-0.030373104,0.13052897,-0.27356988,-0.15036932
71,0.40822986,13.879447,0.5246727,11.982673,0.17434715,0.89510095,-0.20541792,0.40952477,-0.6682546,0.5612151,-0.050369713,0.18485208,-0.24251205,-0.22566041
72,0.40364328,14.1743355,0.5147043,11.935262,0.15232761,0.91604817,-0.14864422,0.40077502,-0.6404313,0.5523313,-0.116578676,0.1922063,-0.21168326,-0.17160358
73,0.4147977,13.7255535,0.5253661,12.058331,0.11399668,0.9795974,-0.2385401,0.41690785,-0.73577774,0.56757945,-0.04857094,0.102257855,-0.14999142,-0.21187447
74,0.3425697,13.904791,0.48928958,11.9154005,0.09434752,0.9102111,-0.20295438,0.34614986,-0.6047115,0.52147484,-0.06277883,0.11014698,-0.2227322,-0.20827526
75,0.32989773,13.423831,0.4563115,12.062578,0.10491049,0.882498,-0.27293143,0.33367246,-0.7282887,0.4888968,-0.09616632,0.087027095,-0.22425438,-0.26144433
76,0.38383287,13.861223,0.48797652,12.0153055,0.1072552,0.9460111,-0.20879693,0.38150522,-0.81681806,0.5294354,-0.057134703,0.102364615,-0.20384848,-0.19994046
77,0.3878032,13.865022,0.5397974,12.006796,0.08736937,0.86398125,-0.21310428,0.38736603,-0.8252083,0.56125915,-0.1162928,0.10791908,-0.22693771,-0.22898732
78,0.3077936,13.85114,0.42811644,11.877933,0.12927276,0.9257661,-0.2253807,0.30336052,-0.6137661,0.4675366,0.009699048,0.13099891,-0.22647369,-0.20756581
79,0.48405606,14.068645,0.56019175,11.94519,0.14981444,0.92196757,-0.21185243,0.48718786,-0.7380483,0.63704354,-0.116094485,0.122480296,-0.23179074,-0.19925815
80,0.42796224,13.696278,0.5825741,11.997661,0.103988566,0.8832255,-0.19769403,0.43017307,-0.74631816,0.59373486,-0.014512975,0.13547878,-0.2507176,-0.20528534
81,0.41315088,13.630957,0.5452317,11.928328,0.07496046,0.9059721,-0.23455991,0.41676268,-0.65668005,0.57270324,-0.05928324,0.10109065,-0.24913138,-0.23110585
82,0.4091155,13.984366,0.5249924,11.968675,0.13654308,0.87903273,-0.269676,0.40245774,-0.6805638,0.55795115,-0.066380665,0.1265646,-0.23609024,-0.28172752
83,0.2831178,13.667256,0.4410888,12.033297,0.1181146,0.8837575,-0.23301448,0.28705582,-0.6611218,0.46213976,-0.109198675,0.11402286,-0.22401804,-0.22421028
84,0.4686279,13.897869,0.60557026,11.965797,0.080758214,0.9455774,-0.23692578,0.46808878,-0.9355369,0.6243124,-0.13526317,0.14358923,-0.18162134,-0.25952876
85,0.36428052,13.315971,0.4854661,12.002875,0.064200215,0.9002372,-0.20472698,0.36787796,-0.62378,0.5214258,-0.055059507,0.04840792,-0.22314402,-0.19263794
86,0.46084228,13.882525,0.52334493,11.959863,0.10773621,0.86327827,-0.20045936,0.45986956,-0.63775194,0.59796405,-0.07602771,0.09720862,-0.28176033,-0.19792679
87,0.37654647,13.8455105,0.45797002,11.97938,0.13017419,0.88378215,-0.22430103,0.37241703,-0.6442247,0.48412687,-0.1283656,0.12318597,-0.21177773,-0.21549037
88,0.45670062,14.4780245,0.54930294,11.969192,0.068566844,0.97543013,-0.1954034,0.45408446,-0.65029615,0.5487534,0.015571893,0.10221254,-0.16123487,-0.18318003
89,0.47938374,13.992224,0.5251448,11.961515,0.07437909,0.9324168,-0.20037442,0.4805938,-0.7203867,0.5468285,-0.017794197,0.08156456,-0.1848176,-0.1962782
90,0.42781708,13.800383,0.5379984,11.913276,0.071557224,0.86953354,-0.23773432,0.42953137,-0.64264053,0.54385555,-0.18283495,0.098987274,-0.23735958,-0.23860924
91,0.51567286,14.295012,0.58075935,11.958021,0.07997969,0.8441029,-0.19401205,0.5142297,-0.7317174,0.60996604,-0.060657926,0.08542099,-0.2897008,-0.22574647
92,0.371731,13.9411745,0.44460905,11.896099,0.074070245,0.9056997,-0.2187084,0.3702393,-0.7031421,0.48041967,-0.08912176,0.07083476,-0.20970623,-0.2385816
93,0.2869344,13.142843,0.40393472,12.037833,0.0859222,0.89029205,-0.21120292,0.29108405,-0.6036334,0.41391316,-0.034592956,0.11591511,-0.21316648,-0.2118059
94,0.39179245,13.6214905,0.4817141,12.125621,0.09559794,0.9768341,-0.20655894,0.3926867,-0.5510105,0.4958481,-0.05593381,0.12619527,-0.14188099,-0.20716347
95,0.3397631,14.728409,0.49473178,11.659496,0.21869196,0.9918031,-0.13023408,0.3380142,-0.68304086,0.50355184,-0.10543237,0.23845167,-0.08355504,-0.14654264
96,0.3621336,14.814414,0.4587569,11.761134,0.15032212,1.0360922,-0.13494718,0.36203933,-0.5380173,0.47291148,-0.009412305,0.18142149,-0.059813347,-0.17057626
97,0.19815266,14.652433,0.31824946,11.975001,0.23438486,1.0469471,-0.10102362,0.20058565,-0.6041958,0.3353638,0.024943383,0.23914027,-0.040232282,-0.10792744
98,0.2994375,14.637874,0.38939843,11.907754,0.20933388,1.0117391,-0.18403031,0.29973155,-0.5642947,0.43130344,-0.007245519,0.18775769,-0.06347035,-0.15484779
99,0.3299786,14.370259,0.45181403,11.743881,0.21696973,1.0214272,-0.14218119,0.3274563,-0.67198527,0.45801738,-0.049082983,0.24085532,-0.078902766,-0.15451993
100,0.37433267,14.5064,0.47867027,11.669271,0.19437683,1.0197076,-0.17003317,0.37497848,-0.6352102,0.47969955,-0.038136892,0.20056163,-0.07314812,-0.1416766
101,0.29099292,14.436369,0.3952861,11.8653755,0.17577438,1.0407208,-0.1669267,0.29021236,-0.59032863,0.42471206,0.029324884,0.16845457,-0.05759319,-0.15465845
102,0.38796717,14.701441,0.47130117,11.64576,0.16699415,0.991813,-0.17039229,0.39191556,-0.6756472,0.4726616,-0.02346332,0.17662713,-0.121456906,-0.14453882
103,0.41888043,14.489636,0.5507487,11.97209,0.04345736,0.9994855,-0.22739717,0.4151008,-0.57360965,0.5563168,0.07690515,0.09451628,-0.15667106,-0.20345277
104,0.34747136,14.013035,0.48394734,11.709556,0.076020904,0.932424,-0.21730608,0.34747395,-0.69966483,0.5059121,-0.03918561,0.09292869,-0.22698295,-0.22105467
105,0.47935486,14.065445,0.6174474,11.94414,0.0556522,0.90852624,-0.22602624,0.48341766,-0.57802355,0.6216245,0.036517333,0.11513487,-0.24889638,-0.26977572
106,0.30044863,14.268105,0.46218196,11.854321,0.14075787,1.0670618,-0.11959808,0.30041492,-0.5910578,0.46531874,-0.050674867,0.19053182,-0.05322597,-0.13981201
107,0.22597292,14.199251,0.36385795,11.67396,0.12827672,1.0546389,-0.058830284,0.22550431,-0.5724796,0.36784813,0.028657734,0.17372246,-0.0720868,-0.0914605
108,0.41733125,14.011426,0.5469246,11.64479,0.12467052,1.0430231,-0.15559039,0.41916296,-0.716462,0.56045836,-0.11577688,0.16252485,-0.07875976,-0.17330126
109,0.29993528,14.045728,0.43831438,11.582867,0.14027049,1.0265422,-0.14583465,0.30214366,-0.7115063,0.47974324,-0.15297544,0.14777292,-0.0906686,-0.16729614
110,0.3484924,14.182836,0.47599977,11.586032,0.116960935,1.0453149,-0.12177513,0.3431107,-0.7405716,0.47888848,-0.095628515,0.15328902,-0.06601005,-0.14842576
111,0.42597064,13.869846,0.5448424,11.575998,0.12631255,1.0304506,-0.175605,0.4312646,-0.7115372,0.5560579,-0.18339832,0.16048391,-0.093356915,-0.18737176
112,0.37874368,14.017714,0.5320639,11.655698,0.11988664,1.0116862,-0.16935988,0.38636386,-0.6099965,0.5249928,-0.111878954,0.15975565,-0.10078471,-0.17277351
113,0.37353432,13.871797,0.50357383,11.532858,0.10811065,1.0239612,-0.123967886,0.3715354,-0.8222083,0.51072896,-0.1693619,0.15120363,-0.09390782,-0.16215305
114,0.32904577,14.310131,0.4544178,11.528032,0.08395617,1.0630735,-0.10459298,0.3285467,-0.7090152,0.46161252,-0.15126413,0.14551643,-0.09081805,-0.14239381
115,0.35889938,13.9862585,0.5072965,11.396729,0.113540925,1.0122135,-0.08067413,0.3576291,-0.70350766,0.49641716,-0.20645946,0.18175443,-0.11653518,-0.11994905
116,0.1771164,13.738225,0.3154513,11.396941,0.06589851,1.0908896,-0.09450041,0.17680767,-0.79371226,0.343661,-0.13500753,0.11916055,-0.061784048,-0.14065705
117,0.45696235,14.072944,0.5657718,11.410597,0.08967951,0.9726087,-0.12807809,0.4603302,-0.74774444,0.57184666,-0.21442112,0.1383194,-0.14131622,-0.16729745
118,0.2546737,14.532558,0.391313,11.628819,0.09740273,1.0164403,-0.10519177,0.2521694,-0.59112537,0.4148525,-0.113360554,0.13961686,-0.09861733,-0.14957212
119,0.22472954,14.284111,0.36206195,11.471721,0.08288476,1.0328163,-0.10268591,0.2294682,-0.6934264,0.38839602,-0.07585417,0.13424629,-0.098898806,-0.13343835
120,0.37819472,14.434692,0.50112593,11.736723,0.112590194,0.9791101,-0.15696687,0.3710784,-0.7102871,0.5176959,-0.21807045,0.14909619,-0.07838848,-0.1604193
121,0.32245564,14.076813,0.45871985,11.643626,0.101111054,0.98189783,-0.15063088,0.31956398,-0.6176541,0.48105845,-0.18128167,0.13537621,-0.11349015,-0.18972774
122,0.327308,14.215514,0.43688497,11.706485,0.09123151,1.077505,-0.1539867,0.3255102,-0.7475886,0.4725487,0.0036314472,0.11193495,-0.046788573,-0.19347802
123,0.40524635,14.157526,0.54974973,11.442668,0.07810064,0.95469034,-0.16494313,0.4047133,-0.6338263,0.5541309,-0.141802,0.120768234,-0.157299,-0.17418073
124,0.31269252,13.989657,0.47989303,11.707504,0.1076634,0.96115166,-0.23420133,0.30901018,-0.7516208,0.48563778,-0.16733073,0.13734545,-0.15118778,-0.21270162
125,0.30211246,14.031668,0.42759717,11.7485,0.15103857,1.0513723,-0.1916419,0.29949376,-0.68157506,0.46022156,-0.009169086,0.15486369,-0.08379412,-0.19258533
126,0.3658672,14.12856,0.52598095,11.586049,0.12828377,1.0213434,-0.1831248,0.36981833,-0.79498315,0.53206044,-0.12586012,0.16777933,-0.086777136,-0.20146683
127,0.3652352,13.816853,0.5383619,11.518604,0.06248632,0.9891638,-0.16983213,0.36868778,-0.7206697,0.5415672,-0.18254344,0.13616784,-0.12607433,-0.18767439
128,0.2983607,14.449596,0.46111158,11.76026,0.09030961,0.9636409,-0.18715918,0.29800102,-0.7188127,0.4814217,-0.18926981,0.1109032,-0.111641586,-0.1881625
129,0.26908112,14.036615,0.43747312,11.516446,0.06949091,0.94481164,-0.13084339,0.27084336,-0.6618589,0.45101488,-0.15877557,0.111664124,-0.15809257,-0.1541754
130,0.23297733,13.898795,0.35791174,11.621453,0.05273846,0.9951632,-0.11756831,0.23014587,-0.7346955,0.36089784,-0.17049918,0.12181883,-0.10580785,-0.14822616
131,0.338325,14.230194,0.52839077,11.664899,0.08248898,1.0123641,-0.19954,0.3345872,-0.8011496,0.53340167,-0.10748076,0.13036416,-0.10068967,-0.22303982
132,0.32837993,14.177858,0.48561618,11.720545,0.107886985,0.98954725,-0.19848184,0.3361421,-0.7128237,0.5089454,-0.10556011,0.13223809,-0.11163836,-0.20186225
133,0.337438,14.430288,0.48101392,11.760113,0.08989678,1.0466274,-0.20061545,0.3360076,-0.55675966,0.48717806,0.047541823,0.14179215,-0.08578562,-0.21298729
134,0.21916433,14.011246,0.33727208,11.621562,0.06753311,0.98252517,-0.17109123,0.2234115,-0.739224,0.3837741,-0.1345857,0.08159924,-0.10255399,-0.19439465
135,0.36561847,14.008649,0.4976731,11.368712,0.097817115,0.9777062,-0.19193058,0.365617,-0.7811888,0.52823347,-0.15219374,0.13674816,-0.1409349,-0.19703291
136,0.31515083,14.354032,0.42388505,11.699796,0.08062524,1.0295984,-0.13509211,0.32224408,-0.7752916,0.4537493,-0.19700119,0.12170065,-0.05656657,-0.14961962
137,0.19522856,14.275781,0.3647577,11.46996,0.035893008,0.9890943,-0.11746464,0.19658291,-0.7668292,0.3908954,-0.14206864,0.0886127,-0.11028039,-0.1645381
138,0.38186148,14.492137,0.51250786,11.703078,0.12078945,0.9619538,-0.15014014,0.3764427,-0.67121714,0.5529481,-0.085461184,0.17396224,-0.1643792,-0.17673314
139,0.15302972,14.214969,0.3287543,11.609735,0.034282524,0.9183739,-0.16045912,0.15304232,-0.7871809,0.328653,-0.11278618,0.11898901,-0.15701361,-0.21805464
140,0.2668325,14.166801,0.38997966,11.4272995,0.064878106,0.97536176,-0.15174536,0.26549125,-0.9434032,0.4064421,-0.20772736,0.10618635,-0.12517637,-0.16857134
141,0.2781055,14.447791,0.4259074,11.515517,0.038538337,0.98399705,-0.12833004,0.2770651,-0.727908,0.44453254,-0.1860162,0.097430944,-0.11611365,-0.1609385
142,0.37065795,14.154031,0.5459536,11.566652,0.1135134,0.99523336,-0.16400363,0.37055272,-0.7586918,0.55376786,-0.1771719,0.15386379,-0.10554753,-0.18091388
143,0.3910857,14.173183,0.5361748,11.658968,0.09239483,1.0059627,-0.1867077,0.39755613,-0.6118935,0.5522375,-0.13522632,0.13061118,-0.092138,-0.19927813
144,0.3097452,14.243484,0.47876558,11.700213,0.07630156,0.9566064,-0.1637675,0.3130443,-0.7258131,0.50504065,-0.19201836,0.11878753,-0.115896754,-0.19853832
145,0.21538119,14.154846,0.35940975,11.708038,0.08590904,1.0042499,-0.12762877,0.21375482,-0.6829399,0.370929,-0.08412564,0.124431476,-0.09930003,-0.15487206
146,0.33657894,14.194241,0.5042345,11.477857,0.09363922,0.95714355,-0.17213234,0.3332557,-0.71695787,0.5169597,-0.17579438,0.1364301,-0.14410245,-0.1716223
147,0.33225688,14.186449,0.47949424,11.533667,0.056217603,0.9699518,-0.16627395,0.33201262,-0.6542857,0.5052214,-0.26559338,0.08299322,-0.13696854,-0.18167064
148,0.46035993,13.997777,0.6222897,11.467698,0.08906537,0.9914677,-0.19061449,0.45602536,-0.83250135,0.628257,-0.2361053,0.13020094,-0.114493825,-0.207637
